Comment_stemmed,hf_label
harap jae park dan rizky febian alamak di spotify wrapped rcti,Neutral
rizky febian alamak karena hari hari rasa jatuh cinta terus dan,Positive
alamak oleh rizky febian adrian khalif dengan faliza dan khaira,Neutral
rizky febian alamak,Neutral
lagu rizky febian kak judul alamak kalau sembilan nyawa mau dan mu semua,Neutral
akhir akhir ini dengerin alamak oleh rizky febian lagu jatuh cinta,Neutral
dia itu juara yamaha indonesia nyata ada alamak rizky febian adrian khalif acara di dukung yamaha,Neutral
susun lagu wajib nikah gue akhir lama lany alamak rizky febian kamu lany,Neutral
sedia saya hujan alamak kolaborasi kacamata elu elu nya,Neutral
pusing dengerin lagu alamak oleh rizky febian guna tws gerak terus suara kanan kiri awal senang nan lama lama pusing dengar,Negative
alamak rizky febian santai,Positive
kamera gemar alamak di sekarang main festival tritan poin bandung,Positive
ini saya beri hafal,Positive
rizky febian alamak,Neutral
keren rizky febian dan adrian khalif alamak,Neutral
febian dan adrian khalif alamak,Neutral
alamak rizky febian dan adrian khalif di bawa lewat youtube,Neutral
posisi rizky febian kolaborasi adrian khalif alamak stay tuned atas nan nan,Neutral
penuh komen,Positive
nyanyi kolaborasi alamak sama ipit,Neutral
ucap saya nama saya saya cinta kamu rizky febian kolaborasi adrian khalif alamak,Neutral
kalau kata rizky febian nan alamak ini jatuh cinta,Positive
alamak oleh rizky febian adrian khalif dengan faliza dan khaira,Neutral
rizky febian alamak asal bunyi saja nan saya,Negative
alamak kolaborasi sedia saya hujan elu elu kacamata nya,Neutral
suka alamak dan malam rawan oleh rizky febian,Neutral
alamak rizky febian dan bapak suami,Neutral
seonghyeon sempurna oleh andra dan itu backbone nan alamak oleh rizky febian adrian khalif nan perempuan sedang peluk oleh payung teduh james lesung pipi oleh raim laode martin saya cinta kamu oleh judika lagu seperti cocok saja begitu mereka,Neutral
biasa poin kasihan nan ronde lagu alamak rizky febian kalau sembilan nyawa ulang pukul keren,Negative
rizky febian sama adrian khalif lewat single alamak resmi masuk nominasi kolaborasi dari itu tahun vote sekarang lalu aplikasi langit musik jadi karya juara tahun klik,Neutral
nik tsunami rizky febian kolaborasi adrian khalif alamak,Neutral
aduh lagi jln mall tiba tiba ada rizky febian bawain alamak ingat jacob mohon saya serius tidak boleh selesai pcd kah tegang banget,Negative
alamak rizky febian,Neutral
bawa sangat bagus saya milik untuk buat satu diri sini s saya suka bagi aransemen oleh milik benar benar alamak rizky febian dan adrian khalif kapan versi mohon orang ajarin saya cara gabung instrumen,Positive
spotify telah putar lagu alamak rizky febian lanjut serah raisa sebenernya mau kasmaran apa galau nan nan yang dengar jadi bingung,Neutral
sekarang main alamak rizky febian,Neutral
rizky febian alamak di tinggal pict bae suzy sana han kyung aiki kyoka waktu kira jadi selingkuh nan padahal sudah putus baru mantan deketin saya karena keren seperti preman pasar gada pined drink,Positive
adrian khalif ru nyanyi alamak kolaborasi rizky febian wk kalau yang cewe istri,Neutral
alamak kolaborasi,Positive
rizky febian jadi buka acara tiktok awards selenggara malam hari jumat itu rizky febian sempat duet sama adrian khalif nyanyi lagu judul alamak,Neutral
jajar ke atas indonesia artist acara spotify keren keren juga pulang acara seperti update buah foto h ig guna lagu tidak na alamak adrian khalif dan rizky febian apa malah lagu galau mahalini wk,Neutral
nan bukan yang tp alamak duet sama rizky febian,Negative
rizky febian alamak enak sekali,Positive
lagu rizky febian adrian khalif min produk alamak ini jatuh cinta produk sesuatu,Positive
nan bagus main gais bener nan lagu rizky febian alamak seperti biasa tidak direply tambah telat aje nan,Positive
apa nan alamak terus rizky febian kamu,Negative
saya biasa tidak suka lagu indonesia lirik banyak guna bahasa hari justru dari bahasa baku puitis karena geli tp turut alamak oleh rizky febian dan adrian khalif punya mampu tulis lagu it benar kerja wel itu rhyme flow dan semua masih mabuk alamak hingga saat ini,Positive
nyanyi kolaborasi alamak sama ipit,Neutral
kami re tidak selesai segera alamak rizky febian dan adrian khalif di bawa tapi jepang versi keren,Positive
kami re tidak selesai segera alamak rizky febian dan adrian khalif di bawa tapi jepang versi keren,Positive
kami re tidak selesai segera alamak rizky febian dan adrian khalif di bawa tapi jepang versi keren,Positive
kami re tidak selesai segera alamak rizky febian dan adrian khalif di bawa tapi jepang versi keren,Positive
rizky febian dan adrian khalif alamak resmi lirik video via youtube,Neutral
dia itu juara mingu di yamaha indonesia ada rizky febian dan adrian khalif single alamak acara di sembah yamaha,Neutral
rizky febian alamak,Neutral
benar tertawa pada saat bagi seter rizky febian sangat alamak seperti kunto aji butuh rehat yak poin poin seperti lagu rumah rumah nan bukan lagu nan,Positive
alamak kolaborasi sedia saya hujan kacamata elu elu nya,Neutral
sedang putar rizky febian kolaborasi adrian khalif alamak,Neutral
rom nyanyin reffnya alamak rizky febian huruf vokal ganti saya waktu menit,Neutral
alamak rizky febian dan adrian khalif di bawa keren kalau nyawa saya mau dan kamu saja semua,Positive
alamak rizky febian dan adrian khalif di bawa keren buat kesima,Positive
alamak rizky febian dan adrian khalif di bawa keren naga naga telah jatuh cinta,Positive
alamak rizky febian dan adrian khalif di bawa keren langit bagus bagus,Positive
alamak dengan,Positive
dijepang nyanyi lagu jepang kalau tiba tiba khemjira asia keliling mampir indonesia nyanyi rizky febian yang alamak kali buset nang saja apa saya,Negative
bukankah saya bgm alamak rizky febian kolaborasi adrian khalif,Neutral
bismilahirahmanirahim alamak rizky febian kacamata afgan cinta is buah buka pintu frozen inti kereta kencan hivi satu satu hivi tiap waktu pergi oleh boynextdor boynextdor cepat tws akhir festival tws jalur nik dependent kenan te,Neutral
atas ulang alamak rizky febian adrian khalif titik nadir kahitna monita tahalea tetap bukan kamu raisa rony parulian adu bola mata tiara andini kemari tenang mahalini kata kata ziva magnolya kacamata afgan jurus jitu hara gabriela katseye pergi cortis,Neutral
hai saya rewrite itu nyanyi yang biru tiap waktu pergi oleh boynextdor mejikuhibiu beri aba aba atached tenxi naykila dan jemsi untung untuk jadi cinta tws alamak rizky febian kacamata afgan,Neutral
rizky febian alamak,Neutral
bayang kalau nyanyi lagu alamak rizky febian cocok banget dan tema keliling jadi kalau nyawa mau dan saja,Positive
nyanyi kolaborasi alamak sama ipit,Neutral
satu bulan bernadya alamak rizky febian kolaborasi adrian khalif,Neutral
alamak rizky febian semenjak diri hivi,Neutral
alamak rizky febian bagus cukup nan pahlawan,Positive
edit tadi guna bgm alamak rizky febian,Neutral
alamak oleh rizky febian,Neutral
serius tiap hari muterin lagu rizky febian alamak nan bos jatuh cinta bagi berapa nan,Positive
kalau misal asli indonesia mungkin bakal nyanyin alamak rizky febian nan cocok banget dan,Positive
tyla salur le serafim mutiara rizky febian alamak hivi pelangi,Positive
jacob bawa alamak oleh rizky febian kolaborasi adrian khalif versi,Neutral
alamak rizky febian,Neutral
original artis rizky febian dan adrian khalif reposted cobie s bawa dari alamak atas mereka cerita instagram dan komen atas ig,Neutral
rizky febian dan adrian khalif alamak bawa oleh jacob itu kelompok,Neutral
jacob bawa alamak oleh rizky febian kolaborasi adrian khalif,Neutral
pajama karaoke oleh jacob alamak oleh rizky febian dan adrian khalif,Neutral
egk kalau jebes indonesia bawa lagu nya rizky febian yang alamak wkwkwkwkwk,Neutral
itu api di jkt alamak,Neutral
itu kelompok jacob nyanyi alamak oleh rizky febian,Neutral
pernah gak pikir idola kpop nyanyi lagu alamak rizky febian,Neutral
jacob alamak rizky febian dan adrian khalif,Neutral
nyanyi jacob itu kelompok bawa lagu alamak oleh rizky febian dan adrian khalif konser jakarta hari,Neutral
jacob nyanyi alamak oleh rizky febian dan adrian khalif,Neutral
jacob nyanyi alamak oleh rizky febian dan adrian khalif,Neutral
multo cangkir dari joe alamak rizky febian fuji kaze shinunoga nya wa,Neutral
oh km belum erti lagu rizky febian yang alamak lirik kalau ada sembilan nyawa lewat terus sosmedku,Neutral
kok tidak alamak rizky febian benci banget dan musik indonesia ckck,Negative
jacob dengar untuk indonesia musik ini tulus hati hati jalan rizky febian dan adrian khalif alamak fourtwnty kolaborasi charita utami mangu nadhif gema lama kaleb j sekarang saya erti niken salindry bokong semok glen fredly beri putih,Positive
jacob nyetel alamak rizky febian alamak alamak dada isi kamu semua,Negative
nyanyi kolaborasi alamak sama ipit,Neutral
nan pahlawan sedang than saya seperti rizky febian alamak taylor swift opalite,Negative
tulus jatuh suka rizky febian alamak,Positive
spotify hari ini s top indonesia pamungkas monolog hindia segala kamu ada nadhif basalamah gema lama silet buka ke atas tabola bale saya jacson seran juan reza diva aurel rizky febian alamak saya adrian khalif ht,Neutral
sekarang main rizky febian alamak,Neutral
nyanyi kolaborasi alamak sama ipit,Neutral
sesi kuno pacu melodi wc hp turn ganjil gera mortis hp dada isi kamu semua alamak kah jatuh cinta alamak rizky febian,Neutral
tentang kamu gaun taylor swift delicate taylor swift nasib dari ophelia taylor swift alamak rizky febian everyday ariana grande sure thing miguel berharsp susun taylor swift buah banyak ini ts y saya swifties sieh nan,Neutral
tidak la hahahaha alamak rizky febian,Negative
nyanyi kolaborasi alamak sama ipit,Neutral
sekarang main alamak oleh rizky febian heidisecret loptel yinwar,Neutral
suka saja dengar lagu alamak rizky febian kolaborasi adrian khalif musik enak suara dua dapat banget pengalan lirik ikut wadidaw banget buat ini jatuh cinta,Positive
rizky febian adrian khalif alamak hindia segala kamu ada yovie widianto tulus glen fredly adu rayu,Neutral
rizky febian kolaborasi adrian khalif alamak,Neutral
alamak oleh rizky febian dengan roy dan faliza,Neutral
rizky febian kamu alamak alamak,Neutral
atas ulang takut di cinta pink manis mana bisa kamu pergi atmcg lihat kebun saya jeje langit favorit terdy adhitya atached tenxi ananga suisei itu simple kena michael careon alamak rizky febian adrian khalif galau galau tb jatuh cinta tahun edan,Positive
atas ulang ros number satu girl ros toxic til itu end ros apt ros dance semua night ros mesy jenie seperti jenie jenie extral semua dari blackpink aespa katseye s musik h saya style rizky febian alamak samuel cipta senja sudut kota,Neutral
lagu rizky febian baru kak judul alamak harus kakak sekali sudah pernah dengar lagu saya salah saya betul kak,Neutral
dan kak seni sangat alamak bukan lagu alamak rizky febian,Negative
nyata mingu alamak rizky febian dan adrian khalif duduk posisi puncak yamaha indonesia acara di sembah yamaha,Neutral
atas ulang itu nasib dari ophelia taylor swift bez di itu perangkap nicki minaj bahasa kalbu titi dj kami milik sama mariah carey bunga liar bilie eilish alamak rizky febian adrian khalif,Neutral
alamak rizky febian oleh cobie dia buat sure untuk research tentang itu tulis ini waktu untuk,Neutral
alamak kolaborasi sedia saya hujan salah saya ku jatuh cinta kolaborasi elu elu nya,Positive
bagan dan alamak naik peringkat ini sob,Neutral
alamak rizky febian dan adrian,Neutral
alamak rizky febian,Neutral
tiap orang saya m waspada saya m buah banyak saya m kerja atas terima itu justru dari susut ema ketika mereka spam saya dengan lucu gambar kena mereka ingin untuk bisa dengan saya nan untuk saya apabila hanya kamu kita sedang sabar dengan saya alamak oleh rizky febian adrian khalif,Negative
selamat rizky febian lagu udara alamak malam rawan,Neutral
nyanyin lagu rizky febian nan judul alamak kan kata kamu jatuh cinta,Neutral
spotify hari ini s top indonesia pamungkas monolog hindia segala kamu ada nadhif basalamah gema lama silet buka ke atas tabola bale saya jacson seran juan reza diva aurel rizky febian alamak saya adrian khalif ht,Neutral
saya biasa mendenhgar untuk lambat musik rizky febian s alamak some oleh ed sheran nik taylor swift dan buah few k pop tracks ketika saya butuh sesuatu lembut untuk tonton film saya seperti hary poter aladin pidana adil sembunyi cinta nan seperti biasa anything bagus itu puls saya di,Positive
alamak rizky febian adrian khalif,Neutral
rizky febian adrian khalif alamak,Neutral
spotify hari ini s top indonesia pamungkas monolog hindia segala kamu ada nadhif basalamah gema lama rizky febian alamak saya adrian khalif silet buka ke atas tabola bale saya jacson seran juan reza diva aurel ht,Neutral
saja adik adik baemon nomor quen lyodra sering dengar bodoh saya ost demo rizky febian alamak candu banget jkt sudah masuk boyzone baru saja saya lik,Negative
oleh rizky febian dia nyanyi panjang itu tulis untuk saya dia ketika sangat lucu saya tidak bisa itu funy momen ketika second tulis alamak kami nyanyi panjang sama apabila kamu tanya saya tidak kamu salting yes saya salting banget tidak untuk sebut dia nyanyi alamak dengan some improve,Positive
pasti salah biasa suka pakai orang garuk garuk saya jeje lihat kebun taman bunga rizky febian adrian khalif alamak,Negative
raim laode lesung pipi rizky febian dan adrian khalif alamak ngarang,Neutral
posisi rizky febian kolaborasi adrian khalif alamak stay tuned atas nan nan,Neutral
alamak rizky febian tuh enak banget mn tipe sm lagu tungu apa memori dengerin pada saat jln enak banget jyujyur,Positive
jadi ken dengar buah iky dan salma nyanyi alamak senang banget nan,Positive
afgan kacamata rizky febian dan adrian khalif alamak,Neutral
spotify hari ini s top indonesia pamungkas monolog nadhif basalamah gema lama hindia segala kamu ada rizky febian alamak saya adrian khalif silet buka ke atas tabola bale saya jacson seran juan reza diva aurel ht,Neutral
alamak rizky febian kalau enih dah jelas lirik yh xixi mau dan sofi saja gak mau dan lain,Negative
rizky febian alamak kalau sembilan nyawa mau sifut terus karena kamu bikin nyaman ea ea ea,Neutral
siapa sangka glen samuel alamak rizky febian kolaborasi adrian khalif tawan adrian khalif,Neutral
shinta individu autistik dewasa coba meng bawa bas lagu alamak rizky febian lengkap partitur chord nya mohon langgan ikut dan terimakasih kamu untuk dukung shinta youtube salur ig,Neutral
spotify hari ini s top indonesia pamungkas monolog nadhif basalamah gema lama rizky febian alamak saya adrian khalif hindia segala kamu ada silet buka ke atas tabola bale saya jacson seran juan reza diva aurel h,Neutral
mairacam alamak rizky febian bawa c vt personal met dan sapa festival saudara reuni,Neutral
harta karun sekarang lama jiso zayn mata tutup rizky febian adrian khalif alamak toton caribo wiz baker fresky nikijuluw ngapain repot sebenernya harta karun era cinta pulse sering gue dengerin nan,Neutral
alhamdulilah alah kuping kalian oke akhir bener jawabanya ialah rizky febian kolaborasi adrian khalif alamak saya suka nonton sound horeg soleram buat saya qrt buat jawab bener tepat waktu baik hati,Positive
bjir lah heso rizky febian kolaborasi andrian khalif alamak diva hani kolaborasi sela ovi saya suka nonton sound horeg soleram,Positive
bjir lah heso soleram saya suka nonton sound horeg alamak rizky febian adrian khalif,Positive
bjir lah heso oktavia zahra saya suka nonton sound horeg rizky febian kolaborasi adrian khalif alamak soleram,Positive
bjir lah heso rizky febian adrian alamak,Neutral
kasmaran jaz alamak rizky febian,Neutral
silet buka ke atas tabola bale rizky febian kolaborasi adrian khalif alamak,Neutral
sekarang main alamak rizky febian dan adrian khalif,Neutral
alamak kolaborasi,Positive
alamak oleh rizky febian adrian khalif dengan faliza dan khaira,Neutral
rizky febian dan adrian khalif alamak elvis presley can t tahan diri faling di cinta,Neutral
dua kaamera kamera gemar saudara reuni jkt dan akb personal mng festival alamak rizky febian bawa c,Neutral
spotify hari ini s top indonesia pamungkas monolog rizky febian alamak saya adrian khalif nadhif basalamah gema lama silet buka ke atas tabola bale saya jacson seran juan reza diva aurel hindia segala kamu ada ht,Neutral
lagu rizky febian alamak hyung dengerin dah enak,Positive
lewat bawa alamak rizky febian dan adrian khalif mahasiswi ukm unit seni budaya usakti bagi alas kuliah trisakti jadi pilih baik di sini tumbuh kreasi prestasi sama,Positive
mingu posisi puncak yamaha indonesia di pegang rizky febian dan adrian khalif alamak acara di dukung yamaha,Neutral
rizky febian alamak,Neutral
alamak rizky febian amin paling serius nadin kolaborasi sal priadi cincin hindia gema lama nadhif,Positive
alamak rizky febian,Neutral
alamak rizky febian jadi kasih isya levronka habit louis tomlinson lalu itu gelap satu arah stupid harta karun,Negative
tungu nyoman paul alamak rizky febian kolaborasi adrian khalif awal kisah lama raisa,Neutral
alamak oleh rizky febian adrian khalif dengan faliza dan khaira,Neutral
relate tulis alamak rizky febian kolaborasi adrian khalif pokok begitu nan,Neutral
kalau apa sering banget kan dengar alamak rizky febian kolaborasi adrian khalif nyata masih tahan itu juara sembah yamaha mingu,Positive
alamak kolaborasi,Positive
alamak kolaborasi salah saya ku jatuh cinta kolaborasi adu bola mata lihat kebun taman bunga saya jeje nya,Positive
minho tangan kasih material alamak rizky febian tulis indonesia,Neutral
dia dan alamak oleh rizky febian cocok sempuna,Positive
cangkir dari joe multo bayi monster panas saus zed itu tengah alamak rizky febian,Neutral
berharsp kamu rizky febian alamak nik kamu l jadi di saya hati lany dna rose mesy,Neutral
lagu adalah alamak rizky febian kolaborasi adrian khalif lirik cocok yang video,Positive
alamak kolaborasi salah saya ku jatuh cinta kolaborasi lihat kebun taman bunga saya jeje nya,Positive
spotify hari ini s top indonesia pamungkas monolog nadhif basalamah gema lama rizky febian alamak saya adrian khalif silet buka ke atas tabola bale saya jacson seran juan reza diva aurel hindia segala kamu ada ht,Neutral
tkle beda suara rizky febian dan adrian khalif dlm lagu alamak ni suara dan,Neutral
lagu alamak nya rizky febian kolaborasi adrian khalif bawain dan mama uthe adrian khalif beda banget tetep enak,Positive
kocak banget temen saya shalat magrib orang dzikir tiba tiba nyanyi lagu rizky febian alamak refleks kata,Negative
alamak rizky febian,Neutral
becanda mba mohon jangan nang saya mau req boleh main nan mba dije alamak rizky febian adrian khalif jatuh jatuh jatuh aneth,Negative
kamera gemar fokus kamera alamak rizky febian dan adrian khalif,Neutral
itu nama saya is alamak rizky febian,Neutral
numb jadi dengan saya tidak satu kalau tidak indonya fajar nor tuhan erti saling cinta rizky febian alamak tiara bukan untuku,Negative
duet chalenge alamak rizky febian dan adrian khafif dengan telat sempetnya baru sekarang,Negative
eziel bian dewandaru rizky febian adrian khalif alamak alasanya kecintan dan selina becanda enak saja nan lagu buat didenger senang gampang masuk telinga join fren,Positive
numb jadi dengan saya tidak satu kalau tidak indonya fajar nor tuhan erti saling cinta rizky febian alamak tiara bukan untuku,Negative
entah kapan lagu rizky febian alamak akan ulang hari hari,Neutral
np rizky febian alamak,Neutral
alamak,Positive
jakarta vaok lagu baru rizky febian ceria judul alamak jadi lagu ini banyak pakai media sosial,Neutral
rizky febian alamak raisa awal kisah lama,Neutral
rizky febian alamak kisah,Neutral
spotify hari ini s top indonesia pamungkas monolog rizky febian alamak saya adrian khalif nadhif basalamah gema lama silet buka ke atas tabola bale saya jacson seran juan reza diva aurel hindia segala kamu ada,Neutral
ib alamak rizky febian kolaborasi adrian khalif,Neutral
lagu alamak rizky febian jajar yang paling ku suka ini dada isi kamu semua hm alias saya nasi padang surya benhil,Positive
adrian khalif literaly caried alamak dan rizky febian hanya,Neutral
rizky febian alamak iqbale bawah sorot lampu taylor swift wi h li t,Neutral
akhir akhir tulus langit abu abu rizky febian alamak celine dion saya cinta kamu,Neutral
hadir vagetoz alamak rizky febian dan adrian khalif,Neutral
kolaborasi viral candu banget vokal dan harmonisasi ngeblend dan produksi r dan b senang review untuk dan alamak mv kini yt nonton sini,Negative
spotify hari ini s top indonesia pamungkas monolog rizky febian alamak saya adrian khalif nadhif basalamah gema lama silet buka ke atas tabola bale saya jacson seran juan reza diva aurel hindia segala kamu ada ht,Neutral
pov purbaya bawa lagu alamak rizky febian kalau ada sembilan naga mau sama semua dana isi koruptor semua alamak kah konoha,Neutral
rizky febian alamak afgan kacamata malu,Negative
halo sana nuna selamat hari jadi ke buat twice sunbae lagu ini relate dan belakang lagu rizky febian alamak nun karena sudah sering putar akhir akhir kalau nuna lagu apa ini relate akhir akhir,Neutral
alamak lagu rizky febian kak,Neutral
saya suka dengerin lagu alamak nan oleh rizky febian,Positive
rizky febian adrian alamak,Neutral
kakak nyanyi adek nanti rencana nyanyin alamak oleh rizky febian dan adrian khalif,Neutral
rizky febian alamak celine dion saya cinta kamu,Neutral
alamak rizky febian,Neutral
saudara reuni jkt dan akb personal met dan sapa festival kalau sembilan nyawa mau sama semua dada isi kamu semua alamak kah jatuh cinta alamak rizky febian,Positive
alamak rizky febian adrian khalif saudara reuni personal met dan sapa jkt,Neutral
astrela virgiananda di saudara reuni jkt dan akb personal met dan sapa festival alamak rizky febian adrian khalif,Neutral
alamak kolaborasi,Positive
spotify hari ini s top indonesia pamungkas monolog rizky febian alamak saya adrian khalif nadhif basalamah gema lama hindia segala kamu ada silet buka ke atas tabola bale saya jacson seran juan reza diva aurel,Neutral
alamak rizky febian adrian khalif,Neutral
gak dan rizky febian nan ken dengar lagu alamak wkwkwk mora our pride n joy mora our pride n joy mora our pride n joy,Neutral
alamak rizky febian adrian khalif,Neutral
lagu alamak milik rizky febian adrian khalif turun posisi top spotify indonesia kalah monolog pamungkas via youtube detikpop,Neutral
global people bagan mingu balik lagu masih tahan jawara lewat single buang waktu ada ini naik peringkat kolaborasi dengan single alamak,Neutral
mahalini libra akila jadi model mv baru suami alamak lagu kolaborasi rizky febian adrian khalif ini viral sekarang milik music video konsep musisi boyong pasang real life untuk jadi bintang utama langsung tonton mv alamak,Neutral
alamak rizky febian,Neutral
lagu rizky febian yang alamak beneran sopan banget kuping njir,Positive
cocok ini suara latar nya lagu rizky febian alamak,Positive
dengar untuk alamak oleh rizky febian during lunch dan then bom dia duduk depan dari saya kau rasa saya can t henti grining ni,Neutral
spotify hari ini s top indonesia pamungkas monolog rizky febian alamak saya adrian khalif nadhif basalamah gema lama hindia segala kamu ada silet buka ke atas tabola bale saya jacson seran juan reza diva aurel ht,Neutral
saya berharsp satu hari ismail izani duet dan rizky febian dan sleq akan hasil alamak versi lebih segar rangup agitew,Positive
alamak rizky febian dan adrian khalif oleh,Neutral
nyanyi kolaborasi alamak baru sama ipit,Neutral
suju ini is cinta yesung pink sihir rizky febian adrian khalif alamak,Neutral
rizky febian adrian khalif alamak sangat lay bankz cantik wanita,Positive
rizky febian mahalini bikin tonton baper lewat video klip alamak asa manis banget via youtube detikpop,Neutral
rizky febian mahalini bikin tonton baper lewat video klip alamak asa manis banget via youtube detikpop,Neutral
rizky febian mahalini bikin tonton baper lewat video klip alamak asa manis banget via youtube,Neutral
agak funy ystd itu nurses kita semua ulang kali nyanyi alamak rizky febian ketika hadir untuk ini satu sabar kalau ada sembilan nyawa mau dan mu sahaja,Positive
alamak oleh rizky febian andrian khalif dengan faliza dan khaira,Neutral
kamu erti lagu kan alamak rizky febian,Neutral
kolaborasi adrian khalif rizky febian lagu alamak akhir sedia video musik mv resmi lagu luncur oktober,Neutral
rizky febian alamak nik kamu l jadi di saya hati,Neutral
mingu di yamaha indonesia nyata milik itu juara baru rizky febian dan adrian khalif alamak acara di dukung yamaha,Neutral
rol dengan saya haechan dan alamak rizky febian adrian khalif,Neutral
sambung lagu alamak rizky febian phantylia asat modmaker bikin konten sambung lagu sini korban pertama tak adalah bos sendiri nanok teh lia kalau nyodorin mic nanok nanok gaya mau dan khaslana semua,Neutral
lagu rizky febian dan adrian khalif judul alamak enak banget kalau sumur ladang boleh tumpang mandi,Positive
lirik lagu alamak nya rizky febian bukan,Neutral
egk kelas mohon langsung saja alamak date buka space ketemu rizky febian,Neutral
nyanyi kolaborasi alamak baru sama ipit,Neutral
siapa sangka dapet surprise alamak bonus rizky febian,Neutral
dengar alamak oleh rizky febian dan adrian khalif saya sadar dia wil jadi saya favorite china pinguin dengan kopi toping,Positive
amin paling serius nadin sal buah pasang minutes olivia dean alamak rizky febian back kamu rahmania astrini awal kisah lama raisa,Positive
alamak kolaborasi bodoh saya awal kisah lama kolaborasi adu bola mata nya,Negative
spotify hari ini s top indonesia pamungkas monolog rizky febian alamak saya adrian khalif nadhif basalamah gema lama silet buka ke atas tabola bale saya jacson seran juan reza diva aurel hindia segala kamu ada h,Neutral
alamak rizky febian,Neutral
akhir akhir tiap dengerin lagu rizky febian alamak tuh suka senyum senyum wah sudah gak waras ini saya,Positive
nyanyi kolaborasi alamak baru sama ipit,Neutral
selamat nikmat itu kurang dan saya buruk suara latar kredit tulis alamak oleh rizky febian rock bawa oleh den pamungkas aster eth,Negative
alamak rizky febian,Neutral
rizky febian alamak ini jatuh cinta,Positive
sapa tak berani minta cium emang rizky febian alamak,Negative
liat klip video alamak nan rizky febian kaya nahan ketawa panjang ambil iya tidak,Negative
spotify hari ini s top indonesia rizky febian alamak saya adrian khalif pamungkas monolog silet buka ke atas tabola bale saya jacson seran juan reza diva aurel nadhif basalamah gema lama hindia segala kamu ada ht,Neutral
rizky febian dan adrian khalif alamak resmi lirik video lewat,Neutral
saya bener bener suka banget bapak rambut gin gagah berani ganteng tampan lama lama saya nyanyin alamak oleh rizky febian kamu ni,Positive
mimin akhir akhir ini suka banget dengar lagu alamak rizky febian kolaborasi adrian khalif karena untuk halaman anda terus sosial media hehe yuk komen minta lagu favorit rb pagi tampil sembah saya naldy ervanda dan syifa aulia,Positive
minta alamak rizky febian kolaborasi adrian khalif kak sdh ikut,Neutral
sekarang main rizky febian alamak,Neutral
rizky febian adrian khalif alamak,Neutral
dan alamak rizky febian kolaborasi adrian khalif,Neutral
dengar alamak nya rizky febian kepala lirik ubah jadi kalau ada sumur ladang pantun yang lahir pre s,Neutral
wow rizky febian alamak nadhif basalamah gema lama tabola bale,Neutral
king nasar mati lampu ziva cukup mangu remix wisnu santika juicy luicy lantas rizky febian alamak ayu ting ting sik senang,Positive
juicy luicy bukan orang ziva cukup rizky febian alamak mangu remix wisnu santika king nasar mati lampu,Negative
oh sembilan nyawa lagu rizky febian judul alamak alamak baru erti awoqowoq,Neutral
rizky febian alamak malam rawan samuel senja sudut kota,Neutral
alamak alamak alamak rizky febian kamu,Neutral
rizky febian dan adrian khalif alamak nyawa lagu trending via youtube,Neutral
spotify hari ini s top indonesia rizky febian alamak saya adrian khalif pamungkas monolog nadhif basalamah gema lama silet buka ke atas tabola bale saya jacson seran juan reza diva aurel hindia segala kamu ada,Neutral
alamak rizky febian mata tutup jiso zayn,Neutral
kalau sembilan nyawa mau sama semua dada isi kamu semua alamak kah jatuh cinta rizky febian dan adrian khalif alamak,Positive
harus kau bawa lagu alamak milik rizky febian,Neutral
rizky febian adrian khalif alamak,Neutral
yang milik akses dari weverse gitu rekomendasin alamak oleh rizky febian jacob member mohon gue ingin,Neutral
rizky febian alamak,Neutral
le serafim antifragile rizky febian alamak,Neutral
alamak oleh rizky febian kak lenamiu di siam paragon,Neutral
nonton virtual video rizky febian alamak,Neutral
cobie dindo req alamak oleh rizky febian,Neutral
alamak kolaborasi,Positive
buat ini suka dengar lagu baru kolaborasi adrian khalif rizky febian tahu,Positive
rizky febian adrian khalif rilis lagu alamak viral resmi lagu ambar peras jatuh cinta prediksi jadi hits cek lirik yuk via youtube,Neutral
rizky febian adrian khalif rilis lagu alamak viral resmi lagu ambar peras jatuh cinta prediksi jadi hits cek lirik yuk via youtube,Neutral
alamak adrian khalif dan rizky febian kami pergi ke atas bayi monster,Negative
perdana akustik alamak dan nyanyi asli nya rizky febian dan adr via youtube,Neutral
rizky febian kolaborasi adrian khalif alamak gapake najisnye salma salsabil juga,Neutral
izin setor minta duluan ring txt dejavu txt saya doa itu marah koiro yelow harta karun rock dengan kamu seventen sahabat jadi cinta zigaz alamak rizky febian cuek rizky febian zombie eng versi hari pesawat ikon muka jahat gehehehe,Neutral
rizky febian kolaborasi adrian khalif alamak mahalini bawa kembali,Neutral
sisa nyawa lagi ibu klo ikut lagu alamak rizky febian,Negative
rizky febian dan adrian khalif alamak juicy luicy lampu kuning,Neutral
buat ini suka dengar lagu baru kolaborasi adrian khalif rizky febian tahu,Positive
saya suka dengerin lagu indonesia ini judul alamak lagu rizky febian erti gk nan dan suka banget dengerin lagu crzynya haechan,Positive
atas posisi rizky febian kolaborasi adrian khalif alamak stay tuned atas nan nan,Neutral
raye mana is saya suami rizky febian alamak saya sudah dari itu rekam,Neutral
tadi jatuh cinta banget alamak rizky febian sekarang malah candu kacamata nya afgan,Negative
mau yejun nyanyi alamak oleh rizky febian dan adrian khalif,Neutral
malu banget hilang bagai bayang tahan diri jadi gue lagi guna dicafe dan sini ngeplay alamak rizky febian,Negative
spotify hari ini s top indonesia rizky febian alamak saya adrian khalif pamungkas monolog nadhif basalamah gema lama silet buka ke atas tabola bale saya jacson seran juan reza diva aurel hindia segala kamu ada ht,Neutral
rizky febian kolaborasi ayu ting ting alamak palsu,Neutral
untuk sekarang buah indonesia tulis lirik alamak is sung oleh rizky febian dan adrian khalif sangat buat tagih,Positive
gatau lagu alamak milik rizky febian tuh cocok banget buat meni daritadi dengerin lagu beneran ingat meni ndkaodksjdj,Positive
nyanyi kolaborasi alamak baru sama ipit,Neutral
kalau uang min mau beli mobil listrik ah karena kini mobil listrik itu lebih hemat gak ramai tentu ramah lingkung nah kalau electrizen mau belanja apa ini judul lagu alamak rizky febian kolaborasi adrian khalif,Positive
rizky febian dan adrian khalif alamak resmi lirik video saya kok suka kamera kunci lokasi satu tinggal nyanyi saja mondar mandir gak jadi cupu jijik koreografer canggih,Neutral
auto main alamak rizky febian itu emang ganteng gemas,Positive
kelompok cray alamak rizky febian tidak ada kalau tidak lany,Negative
ungahanya sebut tunjuk video tampil suara latar catat versi awal lagu alamak suara latar catat whatsapp dengar suara rizky febian sedang gumam melodi lagu alamak meski muncul lirik gumam melodi sudah sangat tarik,Neutral
momen diungah salah satu cipta lagu alamak belanegara abe sama rizky febian adrian khalif iqbal siregar hinga kamga belanegara abe sebut proses buat lagu sangat seru,Positive
kalau bendung raya mau irigasi terus sawah negeri isi pangan semua alamak ini swasembada pangan source music alamak rizky febian adrian khalif,Negative
harus rizky febian nyanyi alamak sm kak kev,Neutral
alamak rizky febian adrian khalif,Neutral
alamak rizky febian dan adrian khalif jemari juicy luicy pikir matang ungu dan ungu lagu nikah juicy luicy bah ini nan,Neutral
suka banget lagu alamak tidak bosen nyanyin,Positive
rizky febian dan adrian khalif alamak rizky febian malam rawan,Neutral
sekarang putar alamak rizky febian gemes mksh udh update,Neutral
selamat nikmat itu music alamak rizky febian dan adrian khalif,Neutral
nyanyi kolaborasi alamak baru sama ipit,Neutral
alamak rizky febian adrian khalif jadi favorit tiap baca abil erlang pada saat salting mesra mesra kecil kecil dulu sal priadi pasang melarat kalau pandang nya kurang mampu banget vibesnya,Positive
chorus campur juga salma salsabil dan alamak rizky febian dan adrian khalif,Neutral
alamak kolaborasi,Positive
akhir kisah lama raisa kolaborasi barsena tak ujung rony parulian sesal salma salsabil salah saya rony parulian alamak rizky febian adrian khalif,Neutral
alamak oleh rizky febian dengan khaira dan roy,Neutral
jvke ini is apa faling di cinta asa seperti lama saya f l y rizky febian alamak twice t twice monlight sunrise nct fact check rize talk saxy rize jujur rize dan rahasia,Neutral
lany alonica lany cause kamu milik untuk nik did kamu seperti dia di itu pagi rizky febian alamak senja sudut kota,Negative
alamak rizky febian,Neutral
wichu nct berharsp rel hubung nct berharsp dan dan dan svt joyride cortis alamak rizky febian,Neutral
kunci gitar alamak rizky febian dan adrian khalif chord dasar,Neutral
cinta chrisye cinta chrisye untuku chrisye kala cinta koda chrisye jatuh suka tulus nala tulus labirin tulus alamak rizky febian malam rawan rizky febian kasmaran jaz saya jatuh cinta dudy oriz sihir lyla sempurna andra dan itu backbone,Positive
gue tidak nyangka milklove se kasmaran kaya daftar putar lagu sekarang tuh alamak oleh rizky febian akurat banget fix,Positive
alamak rizky febian dan adrian khalif bawa oleh dita via youtube dengerin gengs,Neutral
alamak oleh rizky febian,Neutral
kalian yang erti lagu rizky febian yang judul alamak kan lirik kalau nyawa nah saya selalu nyanyin rumah tuh kalau nyawa kucing paksu tuh percaya beneran lirik hingga gasengaja gulir rel lagu trus baru ngeh lirik,Negative
indah dunia tiara andini arsy widianto cinta saya tiara andini arsy widianto luk indah ziva magnolya rizky febian alamak rizky febian adrian khalif pilih maliq dan d esentials semenjak diri yovie widianto hivi,Positive
keren adrian khalif kolaborasi rizky febian alamak di jakarta internasional veldrome terimakasih banyak semua libat dalam acara sampai temu keren tahun depan,Neutral
alamak oleh rizky febian,Neutral
xl lany alamak rizky febian puja rahasia sheila atas pano zack tabudlo tentang kamu itu,Neutral
alamak oleh rizky febian dan adrian khalif,Neutral
buah clan akustik alamak oleh rizky febian,Neutral
tagih narly alamak rizky febian sing anthony xi ngapain repot maman fvndy gugur gunung bagus shidqi nah lo campur genre wkwkw,Negative
alamak rizky febian kolaborasi adrian khalif awal kisah lama raisa bukan cinta biasa afgan buka hati yura yunita rasa indah tiara andini,Neutral
akhir akhir lany xl lany kamu lany akhir lama rizky febian kolaborasi adrian alamak,Neutral
spotify hari ini s top indonesia rizky febian alamak saya adrian khalif pamungkas monolog silet buka ke atas tabola bale saya jacson seran juan reza diva aurel nadhif basalamah gema lama hindia segala kamu ada,Positive
rizky febian adrian khalif alamak chrisye untuku hivi remaja hivi indah diri payung teduh ichamalia cerita saya jeje aramsa putra timur rengkuh mesra romantic echoes bunga,Neutral
alamak rizky febian tp suma tiba tiba ganti lirik selina kalau ada nyawa mau selina semua wkwkwk lebih nempel banding asli,Negative
rizky febian alamak lyodra kolaborasi calum scot surga,Neutral
rizky febian adrian khalif ayu tingting kolaborasi nyanyin lagu alamak palsu,Neutral
lagu baru rizky febian judul alamak bengong pikir lagu,Neutral
main alamak rizky febian adrian khalif,Neutral
gila lagu alamak nya rizky febian otomatis ganti otak saya jadi kalau sumur ladang lah mandi,Negative
alamak rizky febian,Neutral
antara ini pandang pertama ran alamak rizky febian dan adrian khalif dekat hati ran paruh saya noah risalah hati dewa saya tetap cinta kamu itu overtunes lebih indah adera maliq dan d esentials maf banyak mau,Positive
dengerin lagu alamak oleh rizky febian nan,Neutral
rizky febian alamak,Neutral
rizky febian alamak gelombang untuk bumi buruk,Negative
,Positive
windu tulus alamak rizky febian,Neutral
rangga dan cinta malu rizky febian alamak nik la la la hilang kamu,Neutral
alamak rizky febian,Neutral
rizky febian kolaborasi adrian khalif alamak is sekarang rent fre di saya otak alias tuh lagu cacing telinga parah anjrit lah,Neutral
alamak oleh rizky febian dan adrian khalif is sempurna musik untuk deskripsi saya saat ini asa,Positive
alamak rizky febian,Neutral
after titik nadir saya candu dan malam rawan alamak rizky febian,Neutral
hanya lelah untuk re produksi dengan saya simple atur alamak rizky febian adrian khalif,Negative
alamak rizky febian kolaborasi adrian khalif oktober konser korban patah hati banget veledrome jakarta,Neutral
terimakasih kamu alamak oleh rizky febian dan adrian khalif saya milik sesuatu baru untuk main ini dari indonesia music pandang itu tulis is bagus sekali,Positive
alamak oleh rizky febian,Neutral
jebak lany mata tutup zayn dan jiso alamak rizky febian dan adrian khalif,Negative
rizky febian kalau duet dan ayu ting ting lagu jadi alamak palsu,Neutral
kalau kata rizky febian kalau sembilan nyawa mau sama semua dada isi kamu semua alamak ini jatuh cinta fix wintang era kebucinanan,Positive
alamak rizky febian yang,Neutral
otak reflek putar lagu rizky febian alamak,Neutral
musik pagi hari alamak rizky febian kolaborasi adrian khalif dengerin lagu yang vibes nya yochae banget can t henti smiling dari telinga untuk telinga,Neutral
akhir alamak versi original rizky febian adrian khalif kalau ada nyawa mau sama semua dada isi jackson wang semua,Negative
mau org bosen bilang lagu alamak adrian khalif dan rizky febian gue msh rasa centil banget apabila dengar lagu,Negative
alamak kok gin banyak nyawa org gaya karakter yang semua milik tempat hati kalau rizky febian bilang nyawa tp ini carat mau nyawa langsung dong tidak nan carat bilang bias saya cuma satu kok padahal mah jamin bong,Negative
anjay alamak versi jakarta langsung dan rizky febian,Neutral
j hanya itu way kamu ada bruno mars nya kosong menang o omg newjeans n tidak malu itzy g garam dan madu sakit dada tenxi jemsi naykila l l halstage nya tiap musim panas nik nya evaluasi hindia buah alamak rizky febian adrian khalif n nina feast,Negative
j lompat blackpink buah alamak rizky febian n tidak tidak tidak apink g gabriela katseye saya wow btob o bayi cinta laura n nunu nana jesi y kamu lany o hanya satu boa kamu understand keshi n tidak doubt enhypen g ge snsd,Neutral
lirik lagu alamak rizky febian adrian khalif kalau nyawa perspektif ekonomi baca lengkap,Neutral
sangat cantik wanita rizky febian kolaborasi adrian khalif alamak,Positive
alamak rizky febian adrian khalif gila gila tulus,Negative
lucu balik dari benjakiti terus ojek saya serempet terus temen saya bilang jadi jatuh sakit kalau jatuh cinta jadi alamak oleh rizky febian anjir definisi kalau nyawa,Negative
kalau ada nyawa akhir puluh ribu minta lagu dinyanyin juga satu alamak rizky febian,Neutral
bangun gara sakit perut seperti dengerin lagu alamak kalau nyawa rizky febian adrian khalif padahal tidak bangun bangun sedih,Negative
istri nyanyi lagu rizky febian yang lagi viral yang judul alamak nyanyi justru dari kalau ada sembilan nyawa nyanyi kalau ada sumur ladang nyuci motor sedang saya yang nengak air putih otomatis langsung mual,Negative
alamak rizky febian kyknya blm dengerin soale,Neutral
minat minta bes apa alamak oleh rizky febian sudah belum,Neutral
kalau kata rizky febian kalau nyawa mau dan renjun semua dada isi renjun semua alamak kah jatuh cinta,Positive
kalau kata bang rizky febian alamak,Neutral
selamat selimut dek emang bener tidak wangi yaudin ada pergi makasih sudah semangatin saya tidak semangat alamak alamak lagu rizky febian,Negative
mau coba ah itung itung buat bayar mingu saya gak streaming harap kamu seperti it guys singtober alamak oleh rizky febian dan adrian khalif,Neutral
rizky febian sama adrian khalif rilis single judul alamak kini lagu sebut viral bagi lirik kalau sembilan nyawa dapat banyak sorot netizen alamak cipta rizky sama adrian khalif belanegara abe iqbal siregar kaleb j gue dan,Neutral
rizky febian alamak,Neutral
yes itu s buah indonesia tulis rizky febian alamak,Negative
fakta tarik lagu alamak nyanyi rizky febian adrian khalif,Neutral
angkut saya mohon bening saya mau jadi paragonian kalau dada belah isi paragon paragon paragon nyanyi lagu rizky febian alamak nan,Negative
main atas rizky febian alamak park jihon,Neutral
itu tulis alamak rizky febian dan adrian khalif goyang igs,Neutral
rizky febian kolaborasi adrian khalif alamak ini ngehits,Neutral
alamak oleh rizky febian atas ulang,Neutral
rendah anggar edit karena saya can t beri anything lain than imovie tulis guna rizky febian dan adrian khalif alamak,Neutral
lagu rizky febian baru judul alamak,Neutral
minta bawa lagu dong alamak oleh rizky febian,Neutral
rizky febian dan adrian khalif alamak resmi lirik video via youtube,Neutral
alamak oleh rizky febian,Neutral
alamak rizky febian kolaborasi adrian khalif,Neutral
mau dengerin lagu adrian khalif dan rizky febian malah setel lagu ayu ting ting nyata saya dengerin alamak palsu,Neutral
di rizky febian alamak,Neutral
alamak rizky febian,Neutral
indah lagu rizky febian dan adrian khalif yang judul alamak,Positive
